<?xml version="1.0" encoding="utf-8"?>
<rss version="2.0">
  <channel>
    <title>经典老歌（网易云电台）</title>
    <link>https://y.music.163.com/m/radio?id=965615738</link>
    <description>经典老歌电台 - 静态 RSS（50 条）</description>
    <language>zh-CN</language>
    <lastBuildDate>Sun, 23 Nov 2025 10:00:00 +0800</lastBuildDate>
    <generator>静态生成示例</generator>

    <item>
      <title>示例歌曲 1</title>
      <link>https://music.163.com/#/program?id=1000001</link>
      <description>这是示例歌曲 1 的描述。</description>
      <pubDate>Sun, 23 Nov 2025 10:00:01 +0800</pubDate>
      <guid isPermaLink="true">https://music.163.com/#/program?id=1000001</guid>
    </item>

    <item>
      <title>示例歌曲 2</title>
      <link>https://music.163.com/#/program?id=1000002</link>
      <description>这是示例歌曲 2 的描述。</description>
      <pubDate>Sun, 23 Nov 2025 10:00:02 +0800</pubDate>
      <guid isPermaLink="true">https://music.163.com/#/program?id=1000002</guid>
    </item>

    <item>
      <title>示例歌曲 3</title>
      <link>https://music.163.com/#/program?id=1000003</link>
      <description>这是示例歌曲 3 的描述。</description>
      <pubDate>Sun, 23 Nov 2025 10:00:03 +0800</pubDate>
      <guid isPermaLink="true">https://music.163.com/#/program?id=1000003</guid>
    </item>

    <item>
      <title>示例歌曲 4</title>
      <link>https://music.163.com/#/program?id=1000004</link>
      <description>这是示例歌曲 4 的描述。</description>
      <pubDate>Sun, 23 Nov 2025 10:00:04 +0800</pubDate>
      <guid isPermaLink="true">https://music.163.com/#/program?id=1000004</guid>
    </item>

    <item>
      <title>示例歌曲 5</title>
      <link>https://music.163.com/#/program?id=1000005</link>
      <description>这是示例歌曲 5 的描述。</description>
      <pubDate>Sun, 23 Nov 2025 10:00:05 +0800</pubDate>
      <guid isPermaLink="true">https://music.163.com/#/program?id=1000005</guid>
    </item>

    <item>
      <title>示例歌曲 6</title>
      <link>https://music.163.com/#/program?id=1000006</link>
      <description>这是示例歌曲 6 的描述。</description>
      <pubDate>Sun, 23 Nov 2025 10:00:06 +0800</pubDate>
      <guid isPermaLink="true">https://music.163.com/#/program?id=1000006</guid>
    </item>

    <item>
      <title>示例歌曲 7</title>
      <link>https://music.163.com/#/program?id=1000007</link>
      <description>这是示例歌曲 7 的描述。</description>
      <pubDate>Sun, 23 Nov 2025 10:00:07 +0800</pubDate>
      <guid isPermaLink="true">https://music.163.com/#/program?id=1000007</guid>
    </item>

    <item>
      <title>示例歌曲 8</title>
      <link>https://music.163.com/#/program?id=1000008</link>
      <description>这是示例歌曲 8 的描述。</description>
      <pubDate>Sun, 23 Nov 2025 10:00:08 +0800</pubDate>
      <guid isPermaLink="true">https://music.163.com/#/program?id=1000008</guid>
    </item>

    <item>
      <title>示例歌曲 9</title>
      <link>https://music.163.com/#/program?id=1000009</link>
      <description>这是示例歌曲 9 的描述。</description>
      <pubDate>Sun, 23 Nov 2025 10:00:09 +0800</pubDate>
      <guid isPermaLink="true">https://music.163.com/#/program?id=1000009</guid>
    </item>

    <item>
      <title>示例歌曲 10</title>
      <link>https://music.163.com/#/program?id=1000010</link>
      <description>这是示例歌曲 10 的描述。</description>
      <pubDate>Sun, 23 Nov 2025 10:00:10 +0800</pubDate>
      <guid isPermaLink="true">https://music.163.com/#/program?id=1000010</guid>
    </item>

    <item>
      <title>示例歌曲 11</title>
      <link>https://music.163.com/#/program?id=1000011</link>
      <description>这是示例歌曲 11 的描述。</description>
      <pubDate>Sun, 23 Nov 2025 10:00:11 +0800</pubDate>
      <guid isPermaLink="true">https://music.163.com/#/program?id=1000011</guid>
    </item>

    <item>
      <title>示例歌曲 12</title>
      <link>https://music.163.com/#/program?id=1000012</link>
      <description>这是示例歌曲 12 的描述。</description>
      <pubDate>Sun, 23 Nov 2025 10:00:12 +0800</pubDate>
      <guid isPermaLink="true">https://music.163.com/#/program?id=1000012</guid>
    </item>

    <item>
      <title>示例歌曲 13</title>
      <link>https://music.163.com/#/program?id=1000013</link>
      <description>这是示例歌曲 13 的描述。</description>
      <pubDate>Sun, 23 Nov 2025 10:00:13 +0800</pubDate>
      <guid isPermaLink="true">https://music.163.com/#/program?id=1000013</guid>
    </item>

    <item>
      <title>示例歌曲 14</title>
      <link>https://music.163.com/#/program?id=1000014</link>
      <description>这是示例歌曲 14 的描述。</description>
      <pubDate>Sun, 23 Nov 2025 10:00:14 +0800</pubDate>
      <guid isPermaLink="true">https://music.163.com/#/program?id=1000014</guid>
    </item>

    <item>
      <title>示例歌曲 15</title>
      <link>https://music.163.com/#/program?id=1000015</link>
      <description>这是示例歌曲 15 的描述。</description>
      <pubDate>Sun, 23 Nov 2025 10:00:15 +0800</pubDate>
      <guid isPermaLink="true">https://music.163.com/#/program?id=1000015</guid>
    </item>

    <item>
      <title>示例歌曲 16</title>
      <link>https://music.163.com/#/program?id=1000016</link>
      <description>这是示例歌曲 16 的描述。</description>
      <pubDate>Sun, 23 Nov 2025 10:00:16 +0800</pubDate>
      <guid isPermaLink="true">https://music.163.com/#/program?id=1000016</guid>
    </item>

    <item>
      <title>示例歌曲 17</title>
      <link>https://music.163.com/#/program?id=1000017</link>
      <description>这是示例歌曲 17 的描述。</description>
      <pubDate>Sun, 23 Nov 2025 10:00:17 +0800</pubDate>
      <guid isPermaLink="true">https://music.163.com/#/program?id=1000017</guid>
    </item>

    <item>
      <title>示例歌曲 18</title>
      <link>https://music.163.com/#/program?id=1000018</link>
      <description>这是示例歌曲 18 的描述。</description>
      <pubDate>Sun, 23 Nov 2025 10:00:18 +0800</pubDate>
      <guid isPermaLink="true">https://music.163.com/#/program?id=1000018</guid>
    </item>

    <item>
      <title>示例歌曲 19</title>
      <link>https://music.163.com/#/program?id=1000019</link>
      <description>这是示例歌曲 19 的描述。</description>
      <pubDate>Sun, 23 Nov 2025 10:00:19 +0800</pubDate>
      <guid isPermaLink="true">https://music.163.com/#/program?id=1000019</guid>
    </item>

    <item>
      <title>示例歌曲 20</title>
      <link>https://music.163.com/#/program?id=1000020</link>
      <description>这是示例歌曲 20 的描述。</description>
      <pubDate>Sun, 23 Nov 2025 10:00:20 +0800</pubDate>
      <guid isPermaLink="true">https://music.163.com/#/program?id=1000020</guid>
    </item>

    <item>
      <title>示例歌曲 21</title>
      <link>https://music.163.com/#/program?id=1000021</link>
      <description>这是示例歌曲 21 的描述。</description>
      <pubDate>Sun, 23 Nov 2025 10:00:21 +0800</pubDate>
      <guid isPermaLink="true">https://music.163.com/#/program?id=1000021</guid>
    </item>

    <item>
      <title>示例歌曲 22</title>
      <link>https://music.163.com/#/program?id=1000022</link>
      <description>这是示例歌曲 22 的描述。</description>
      <pubDate>Sun, 23 Nov 2025 10:00:22 +0800</pubDate>
      <guid isPermaLink="true">https://music.163.com/#/program?id=1000022</guid>
    </item>

    <item>
      <title>示例歌曲 23</title>
      <link>https://music.163.com/#/program?id=1000023</link>
      <description>这是示例歌曲 23 的描述。</description>
      <pubDate>Sun, 23 Nov 2025 10:00:23 +0800</pubDate>
      <guid isPermaLink="true">https://music.163.com/#/program?id=1000023</guid>
    </item>

    <item>
      <title>示例歌曲 24</title>
      <link>https://music.163.com/#/program?id=1000024</link>
      <description>这是示例歌曲 24 的描述。</description>
      <pubDate>Sun, 23 Nov 2025 10:00:24 +0800</pubDate>
      <guid isPermaLink="true">https://music.163.com/#/program?id=1000024</guid>
    </item>

    <item>
      <title>示例歌曲 25</title>
      <link>https://music.163.com/#/program?id=1000025</link>
      <description>这是示例歌曲 25 的描述。</description>
      <pubDate>Sun, 23 Nov 2025 10:00:25 +0800</pubDate>
      <guid isPermaLink="true">https://music.163.com/#/program?id=1000025</guid>
    </item>

    <item>
      <title>示例歌曲 26</title>
      <link>https://music.163.com/#/program?id=1000026</link>
      <description>这是示例歌曲 26 的描述。</description>
      <pubDate>Sun, 23 Nov 2025 10:00:26 +0800</pubDate>
      <guid isPermaLink="true">https://music.163.com/#/program?id=1000026</guid>
    </item>

    <item>
      <title>示例歌曲 27</title>
      <link>https://music.163.com/#/program?id=1000027</link>
      <description>这是示例歌曲 27 的描述。</description>
      <pubDate>Sun, 23 Nov 2025 10:00:27 +0800</pubDate>
      <guid isPermaLink="true">https://music.163.com/#/program?id=1000027</guid>
    </item>

    <item>
      <title>示例歌曲 28</title>
      <link>https://music.163.com/#/program?id=1000028</link>
      <description>这是示例歌曲 28 的描述。</description>
      <pubDate>Sun, 23 Nov 2025 10:00:28 +0800</pubDate>
      <guid isPermaLink="true">https://music.163.com/#/program?id=1000028</guid>
    </item>

    <item>
      <title>示例歌曲 29</title>
      <link>https://music.163.com/#/program?id=1000029</link>
      <description>这是示例歌曲 29 的描述。</description>
      <pubDate>Sun, 23 Nov 2025 10:00:29 +0800</pubDate>
      <guid isPermaLink="true">https://music.163.com/#/program?id=1000029</guid>
    </item>

    <item>
      <title>示例歌曲 30</title>
      <link>https://music.163.com/#/program?id=1000030</link>
      <description>这是示例歌曲 30 的描述。</description>
      <pubDate>Sun, 23 Nov 2025 10:00:30 +0800</pubDate>
      <guid isPermaLink="true">https://music.163.com/#/program?id=1000030</guid>
    </item>

    <item>
      <title>示例歌曲 31</title>
      <link>https://music.163.com/#/program?id=1000031</link>
      <description>这是示例歌曲 31 的描述。</description>
      <pubDate>Sun, 23 Nov 2025 10:00:31 +0800</pubDate>
      <guid isPermaLink="true">https://music.163.com/#/program?id=1000031</guid>
    </item>

    <item>
      <title>示例歌曲 32</title>
      <link>https://music.163.com/#/program?id=1000032</link>
      <description>这是示例歌曲 32 的描述。</description>
      <pubDate>Sun, 23 Nov 2025 10:00:32 +0800</pubDate>
      <guid isPermaLink="true">https://music.163.com/#/program?id=1000032</guid>
    </item>

    <item>
      <title>示例歌曲 33</title>
      <link>https://music.163.com/#/program?id=1000033</link>
      <description>这是示例歌曲 33 的描述。</description>
      <pubDate>Sun, 23 Nov 2025 10:00:33 +0800</pubDate>
      <guid isPermaLink="true">https://music.163.com/#/program?id=1000033</guid>
    </item>

    <item>
      <title>示例歌曲 34</title>
      <link>https://music.163.com/#/program?id=1000034</link>
      <description>这是示例歌曲 34 的描述。</description>
      <pubDate>Sun, 23 Nov 2025 10:00:34 +0800</pubDate>
      <guid isPermaLink="true">https://music.163.com/#/program?id=1000034</guid>
    </item>

    <item>
      <title>示例歌曲 35</title>
      <link>https://music.163.com/#/program?id=1000035</link>
      <description>这是示例歌曲 35 的描述。</description>
      <pubDate>Sun, 23 Nov 2025 10:00:35 +0800</pubDate>
      <guid isPermaLink="true">https://music.163.com/#/program?id=1000035</guid>
    </item>

    <item>
      <title>示例歌曲 36</title>
      <link>https://music.163.com/#/program?id=1000036</link>
      <description>这是示例歌曲 36 的描述。</description>
      <pubDate>Sun, 23 Nov 2025 10:00:36 +0800</pubDate>
      <guid isPermaLink="true">https://music.163.com/#/program?id=1000036</guid>
    </item>

    <item>
      <title>示例歌曲 37</title>
      <link>https://music.163.com/#/program?id=1000037</link>
      <description>这是示例歌曲 37 的描述。</description>
      <pubDate>Sun, 23 Nov 2025 10:00:37 +0800</pubDate>
      <guid isPermaLink="true">https://music.163.com/#/program?id=1000037</guid>
    </item>

    <item>
      <title>示例歌曲 38</title>
      <link>https://music.163.com/#/program?id=1000038</link>
      <description>这是示例歌曲 38 的描述。</description>
      <pubDate>Sun, 23 Nov 2025 10:00:38 +0800</pubDate>
      <guid isPermaLink="true">https://music.163.com/#/program?id=1000038</guid>
    </item>

    <item>
      <title>示例歌曲 39</title>
      <link>https://music.163.com/#/program?id=1000039</link>
      <description>这是示例歌曲 39 的描述。</description>
      <pubDate>Sun, 23 Nov 2025 10:00:39 +0800</pubDate>
      <guid isPermaLink="true">https://music.163.com/#/program?id=1000039</guid>
    </item>

    <item>
      <title>示例歌曲 40</title>
      <link>https://music.163.com/#/program?id=1000040</link>
      <description>这是示例歌曲 40 的描述。</description>
      <pubDate>Sun, 23 Nov 2025 10:00:40 +0800</pubDate>
      <guid isPermaLink="true">https://music.163.com/#/program?id=1000040</guid>
    </item>

    <item>
      <title>示例歌曲 41</title>
      <link>https://music.163.com/#/program?id=1000041</link>
      <description>这是示例歌曲 41 的描述。</description>
      <pubDate>Sun, 23 Nov 2025 10:00:41 +0800</pubDate>
      <guid isPermaLink="true">https://music.163.com/#/program?id=1000041</guid>
    </item>

    <item>
      <title>示例歌曲 42</title>
      <link>https://music.163.com/#/program?id=1000042</link>
      <description>这是示例歌曲 42 的描述。</description>
      <pubDate>Sun, 23 Nov 2025 10:00:42 +0800</pubDate>
      <guid isPermaLink="true">https://music.163.com/#/program?id=1000042</guid>
    </item>

    <item>
      <title>示例歌曲 43</title>
      <link>https://music.163.com/#/program?id=1000043</link>
      <description>这是示例歌曲 43 的描述。</description>
      <pubDate>Sun, 23 Nov 2025 10:00:43 +0800</pubDate>
      <guid isPermaLink="true">https://music.163.com/#/program?id=1000043</guid>
    </item>

    <item>
      <title>示例歌曲 44</title>
      <link>https://music.163.com/#/program?id=1000044</link>
      <description>这是示例歌曲 44 的描述。</description>
      <pubDate>Sun, 23 Nov 2025 10:00:44 +0800</pubDate>
      <guid isPermaLink="true">https://music.163.com/#/program?id=1000044</guid>
    </item>

    <item>
      <title>示例歌曲 45</title>
      <link>https://music.163.com/#/program?id=1000045</link>
      <description>这是示例歌曲 45 的描述。</description>
      <pubDate>Sun, 23 Nov 2025 10:00:45 +0800</pubDate>
      <guid isPermaLink="true">https://music.163.com/#/program?id=1000045</guid>
    </item>

    <item>
      <title>示例歌曲 46</title>
      <link>https://music.163.com/#/program?id=1000046</link>
      <description>这是示例歌曲 46 的描述。</description>
      <pubDate>Sun, 23 Nov 2025 10:00:46 +0800</pubDate>
      <guid isPermaLink="true">https://music.163.com/#/program?id=1000046</guid>
    </item>

    <item>
      <title>示例歌曲 47</title>
      <link>https://music.163.com/#/program?id=1000047</link>
      <description>这是示例歌曲 47 的描述。</description>
      <pubDate>Sun, 23 Nov 2025 10:00:47 +0800</pubDate>
      <guid isPermaLink="true">https://music.163.com/#/program?id=1000047</guid>
    </item>

    <item>
      <title>示例歌曲 48</title>
      <link>https://music.163.com/#/program?id=1000048</link>
      <description>这是示例歌曲 48 的描述。</description>
      <pubDate>Sun, 23 Nov 2025 10:00:48 +0800</pubDate>
      <guid isPermaLink="true">https://music.163.com/#/program?id=1000048</guid>
    </item>

    <item>
      <title>示例歌曲 49</title>
      <link>https://music.163.com/#/program?id=1000049</link>
      <description>这是示例歌曲 49 的描述。</description>
      <pubDate>Sun, 23 Nov 2025 10:00:49 +0800</pubDate>
      <guid isPermaLink="true">https://music.163.com/#/program?id=1000049</guid>
    </item>

    <item>
      <title>示例歌曲 50</title>
      <link>https://music.163.com/#/program?id=1000050</link>
      <description>这是示例歌曲 50 的描述。</description>
      <pubDate>Sun, 23 Nov 2025 10:00:50 +0800</pubDate>
      <guid isPermaLink="true">https://music.163.com/#/program?id=1000050</guid>
    </item>

  </channel>
</rss>
